stezenie;napiecie
0.01;34.542
0.005;35.199
0.001;36.727
0.0005;42.917
0.0001;58.171
0.00005;58.623
0.00001;67.129
0.000005;68.5
0.000001;69.048
0.0000005;69.377
